Date,Country,local_price,dollar_valuation
2006-05-31,NOR,43.0,127.30720780584
2008-06-30,NOR,40.0,120.59757622274
2007-01-31,NOR,41.5,111.20231318952
2013-01-31,VEN,39.0,107.92862208934
2011-07-31,NOR,45.0,104.47004924423
2007-06-30,NOR,40.0,101.76138699655
2011-07-31,CHE,6.5,98.352166490095
2005-06-30,NOR,39.0,98.132917315171
2010-01-31,NOR,40.0,96.173931535004
2010-07-31,NOR,45.0,92.972926613111
2011-07-31,SWE,48.4,87.942275937471
2012-07-31,VEN,34.0,82.942270353796
2013-01-31,NOR,43.0,79.564191157101
2004-05-31,NOR,35.5,78.729750045186
2008-06-30,SWE,38.0,78.569460782963
2008-06-30,CHE,6.5,78.12730923216
2010-01-31,CHE,6.5,76.079373330801
2010-07-31,SWE,48.4,75.821493233052
2009-07-31,NOR,40.0,72.131686334326
2003-04-30,CHE,6.3,69.687828265144
2014-01-31,NOR,48.0,68.580316420893
2004-05-31,CHE,6.3,68.404170008019
2006-05-31,CHE,6.3,68.114990653607
2009-07-31,CHE,6.5,67.646820249208
2010-01-31,DNK,30.94,67.426226533745
2008-06-30,DNK,28.0,66.719183209378
2012-01-31,VEN,30.0,66.430050539625
2010-07-31,CHE,6.5,65.682202842597
2005-06-30,CHE,6.3,65.035954261464
2013-07-31,NOR,46.0,64.734563019547
2002-04-30,NOR,35.0,64.208234808392
2013-01-31,CHE,6.5,63.137245945406
2012-07-31,NOR,43.0,63.105242363224
2012-01-31,CHE,6.5,62.144707624857
2014-07-31,NOR,48.0,61.789916905204
2012-01-31,NOR,41.0,61.730665952251
2011-07-31,VEN,28.0,60.387199904272
2015-01-31,CHE,6.5,57.487812563336
2013-07-31,VEN,45.0,56.953005956413
2007-01-31,CHE,6.3,56.70979087949
2006-01-31,CHE,6.3,56.543519098309
2009-07-31,DNK,29.5,54.816024770564
2014-01-31,VEN,45.0,54.661927657176
2014-01-31,CHE,6.5,54.459499724097
2006-05-31,DNK,27.75,53.854043797118
2004-05-31,DNK,27.75,53.841889344717
2010-01-31,SWE,39.0,53.822379641679
2007-06-30,CHE,6.3,52.535281652766
2002-04-30,CHE,6.3,52.416896501669
2012-07-31,CHE,6.5,51.627493703668
2011-07-31,BRA,9.5,51.597260653458
2003-04-30,DNK,27.75,51.030271364661
2007-01-31,DNK,27.75,49.799018300906
2008-06-30,EUR,3.36856,49.65559070028
2005-06-30,DNK,27.75,49.531344517955
2007-06-30,DNK,27.75,49.036315074693
2021-07-31,VEN,30164100.0,47.725
2013-07-31,CHE,6.5,47.455173249242
2013-01-31,SWE,40.559301380991,46.267858453463
2006-05-31,SWE,33.0,46.133409617925
2001-04-30,CHE,6.3,43.370806972828
2000-04-30,ISR,14.5,42.639319266145
2006-01-31,DNK,27.75,42.62046996914
2007-06-30,SWE,33.0,42.489959801208
2015-07-31,CHE,6.5,42.421676842148
2014-07-31,CHE,6.16,42.361650359787
2014-07-31,VEN,75.0,42.193572850507
2007-01-31,SWE,32.0,41.138124605116
2012-01-31,SWE,41.0,40.880476691714
2012-07-31,PRT,4.95,38.674350086655
2000-04-30,CHE,5.9,38.27044762128
2009-07-31,SWE,39.0,38.123183248505
2005-06-30,SWE,31.0,36.16191707546
2014-01-31,SWE,40.7,35.970676893447
2004-05-31,SWE,30.0,35.937287597988
2006-01-31,SWE,33.0,35.844480299154
2010-01-31,EUR,3.36,35.305698324022
2012-01-31,BRA,10.25,35.295990205679
2013-07-31,SWE,41.61,35.117932041644
2011-07-31,DNK,28.5,34.868472538951
2011-07-31,IRL,3.8,34.018942189422
2010-01-31,BRA,8.2,32.913758097609
2003-04-30,SWE,30.0,32.735140301043
2008-06-30,BRA,7.5,32.578589936543
2012-07-31,SWE,39.973019865841,32.378540760841
2011-07-31,BEL,3.75,32.255535055351
2011-07-31,FIN,3.75,32.255535055351
2015-01-31,NOR,48.0,31.464438527023
2010-07-31,BRA,8.71,31.442334391713
2010-07-31,DNK,28.5,31.3104258328
2016-07-31,CHE,6.5,30.786181896617
2016-01-31,CHE,6.5,30.695719453796
2008-06-30,HUN,670.0,30.096999973666
2009-07-31,EUR,3.31,29.33106442577
2013-01-31,BRA,11.25,29.224960038662
2021-01-31,CHE,6.5,28.799999999999997
2018-01-31,CHE,6.5,28.122038409804
2012-01-31,DNK,31.5,28.041621363253
2008-06-30,GBR,2.29,28.025112044818
2008-06-30,CZE,66.08,27.671870309724
2017-07-31,CHE,6.5,27.201690021223
2017-01-31,CHE,6.5,25.496774153688
2013-01-31,URY,105.0,24.698064913656
2021-07-31,CHE,6.5,24.675
2014-07-31,SWE,40.7,24.16630108284
2013-01-31,CAN,5.41,23.514253628344
2011-07-31,ITA,3.5,23.438499384994
2011-07-31,FRA,3.5,23.438499384994
2011-07-31,ESP,3.5,23.438499384994
2011-07-31,CAN,4.73,23.020736471572
2000-04-30,DNK,24.75,22.64375334483
2007-06-30,EUR,3.0574824433737,22.196186156946
2014-07-31,BRA,13.0,22.110458537687
2011-07-31,AUS,4.56,21.616826568266
2006-05-31,EUR,2.9395735292629,21.513435454
2002-04-30,TUR,4000000.0,21.285443775858
2011-07-31,EUR,3.4376604013616,21.23989752551
2008-06-30,TUR,5.15,20.945464750562
2020-07-31,CHE,6.5,20.941000000000003
2014-01-31,FIN,4.1,20.269129572896
2022-01-31,CHE,6.5,20.161
2011-07-31,URY,90.0,20.001200012
2011-07-31,DEU,3.4,19.911685116851
2013-01-31,ITA,3.85,19.61951010089
2000-04-30,GBR,1.9,19.601593625498
2007-01-31,GBR,1.94,19.059968944099
2011-07-31,ARG,20.0,19.057451917532
2018-07-31,CHE,6.5,18.8
2019-01-31,CHE,6.5,18.7
2013-01-31,DNK,28.5,18.692019334922
2002-04-30,DNK,24.75,18.612876326308
2020-01-31,CHE,6.5,18.398
2007-01-31,EUR,2.94,18.29847826087
2018-01-31,NOR,49.0,18.218914794755
2013-01-31,BEL,3.8,18.066009969709
2015-07-31,NOR,46.0,17.940206597142
2006-05-31,GBR,1.94,17.67664516129
2012-01-31,AUS,4.8,17.614992780936
2010-07-31,COL,8200.0,17.553510740377
2007-06-30,GBR,1.99,17.512126099707
2002-04-30,VEN,2500.0,17.154733285534
2005-06-30,EUR,2.92,17.095816993464
2011-07-31,COL,8400.0,16.71396013593
2013-01-31,FIN,3.75,16.512509838529
2012-07-31,CAN,5.12,16.055827953355
2010-07-31,EUR,3.3800310707681,16.049745352962
2004-05-31,GBR,1.88,16.041379310345
2003-04-30,GBR,1.99,16.022140221402
2013-07-31,BRA,12.0,15.980182917179
2018-01-31,SWE,49.1,15.968005490128
2002-04-30,GBR,1.99,15.883534136546
2014-01-31,BEL,3.95,15.869039466571
2013-07-31,FIN,4.1,15.689283101683
2013-07-31,CAN,5.53,15.444131981382
2001-04-30,DNK,24.75,15.178421846205
2014-07-31,FIN,4.1,15.120646506778
2011-07-31,GRC,3.26,14.974145141451
2011-07-31,ISR,15.9,14.929087939564
2012-01-31,IRL,3.8,14.85864453138
2011-07-31,NLD,3.25,14.621463714637
2008-06-30,CAN,4.09,14.16055635547
2012-07-31,BRA,10.08,14.06064334531
2019-07-31,CHE,6.5,14.0
2014-01-31,BRA,12.4,13.478946522928
2004-05-31,EUR,2.74,13.379310344828
2012-01-31,FIN,3.75,13.34734657702
2013-01-31,DEU,3.64,13.094809549932
2014-01-31,ITA,3.85,12.935646062354
2009-07-31,BRA,8.03,12.628297025084
2021-01-31,SWE,52.88,12.6
2005-06-30,GBR,1.88,12.43137254902
2015-01-31,DNK,34.5,12.234007841286
2013-01-31,AUS,4.7,12.205423712643
2001-04-30,GBR,1.99,12.035433070866
2014-01-31,DNK,28.5,12.030985962498
2017-01-31,NOR,49.0,11.972740076467
2013-01-31,FRA,3.6,11.852009444988
2012-01-31,BEL,3.7,11.83604862266
2013-01-31,EUR,3.5948495721818,11.691985639165
2017-07-31,NOR,49.0,11.587928099116
2006-01-31,EUR,2.91,11.55
2021-07-31,NOR,57.0,11.544
2010-01-31,ISR,14.9,11.507332168369
2014-01-31,FRA,3.8,11.468949360245
2010-01-31,AUS,4.35,11.113693830431
2013-01-31,COL,8600.0,11.051466046329
2010-01-31,CAN,4.12,10.999034416167
2000-04-30,JPN,294.0,10.50139066376
2012-01-31,ARG,20.0,10.4685006839
2012-01-31,CAN,4.73,10.381154881287
2012-01-31,URY,90.0,10.245575817481
2012-07-31,COL,8600.0,10.131233931075
2013-07-31,FRA,3.9,10.045903438186
2022-01-31,NOR,57.0,10.034
2003-04-30,EUR,2.71,10.0
2017-07-31,SWE,48.97,9.7909566285365
2021-07-31,SWE,54.0,9.649000000000001
2010-01-31,COL,8200.0,9.606736376551
2014-07-31,CAN,5.64,9.5130798956655
2014-07-31,FRA,3.9,9.5050052137643
2013-01-31,TUR,8.45,9.387500957621
2016-07-31,NOR,46.8,9.3266571188052
2013-07-31,URY,105.0,9.2869822377429
2008-06-30,COL,7000.0,9.0142225405438
2011-07-31,AUT,3.09,8.9785608856088
2012-01-31,FRA,3.6,8.8134527139393
2013-01-31,ESP,3.5,8.745009182627
2015-01-31,BRA,13.5,8.70201938157
2011-07-31,NZL,5.1,8.5239852398524
2014-01-31,ISR,17.5,8.4933681982111
2013-01-31,IRL,3.49,8.4343091563909
2014-01-31,CAN,5.54,8.4113386453693
2000-04-30,SWE,24.0,8.1646265616268
2012-07-31,AUS,4.56,8.1491854419411
2014-07-31,ITA,3.85,8.1010948905109
2012-01-31,COL,8400.0,8.0541363464085
2007-06-30,CAN,3.88,8.0098639729897
2000-04-30,KOR,3000.0,7.8717620492758
2013-07-31,DNK,28.5,7.8262947901285
2010-01-31,HUN,720.0,7.7505793898307
2014-01-31,DEU,3.67,7.655537934763
2021-01-31,NOR,52.0,7.5
2012-07-31,DNK,28.5,7.337319276438
2014-07-31,DNK,28.5,7.3100914485304
2007-06-30,TUR,4.75,7.3077480034546
2014-01-31,EUR,3.6579627235827,7.3024372622895
2013-01-31,NLD,3.45,7.1915090514466
2010-07-31,CAN,4.17,7.158275599778
2014-01-31,ESP,3.65,7.0688592539196
2015-07-31,SWE,43.7,7.0462036768117
2010-01-31,TUR,5.65,7.0300966737509
2014-07-31,ISR,17.5,6.9082850927515
2012-01-31,DEU,3.53,6.6976355778349
2012-07-31,BEL,3.8,6.4570768341999
2014-01-31,URY,105.0,6.2057718285313
2016-01-31,SWE,45.0,6.1142550341281
2015-07-31,DNK,34.59,6.0232176133898
2013-07-31,ITA,3.75,5.8133686905633
2018-07-31,SWE,51.0,5.8
2012-01-31,ITA,3.5,5.7908568052187
2012-01-31,ESP,3.5,5.7908568052187
2016-01-31,NOR,46.8,5.7746052327307
2007-06-30,BRA,6.9,5.7741981472653
2018-01-31,FIN,4.56,5.7306818181818
2009-07-31,ISR,15.0,5.7226060833845
2012-01-31,EUR,3.4924563702446,5.5628433608631
2007-06-30,NZL,4.6,5.413269284842
2013-07-31,ISR,17.5,5.3367901590719
2013-01-31,AUT,3.39,5.3273088940301
2020-01-31,NOR,53.0,5.322
2012-07-31,FIN,3.75,5.0563258232236
2019-01-31,NOR,50.0,5.0
2012-07-31,URY,99.0,4.604251211864
2019-01-31,SWE,52.0,4.6
2013-07-31,BEL,3.7,4.4025237746891
2012-07-31,TUR,8.25,4.3523169487231
2010-07-31,TUR,5.95,4.2143464330086
2008-06-30,NZL,4.9,4.1624815669609
2017-01-31,SWE,48.0,3.9631105961953
2014-07-31,BEL,3.7,3.8893639207508
2010-01-31,CZE,67.64,3.755095392947
2016-07-31,SWE,44.94,3.7442964876254
2015-01-31,SWE,40.7,3.7285032075109
2005-06-30,NZL,4.45,3.7045115890374
2017-01-31,VEN,3550.0,3.6914209534732
2007-06-30,COL,6900.0,3.4488962452548
2010-07-31,ISR,14.9,3.3447636803498
2014-07-31,EUR,3.6792382895899,3.3064123292894
2014-07-31,NZL,5.7,3.1230448383733
2014-07-31,DEU,3.67,3.0470177267987
2010-07-31,AUS,4.35,2.7745758928571
2014-07-31,GBR,2.89,2.7140354535975
2013-07-31,DEU,3.64,2.7095098756401
2010-07-31,CRI,2000.0,2.6046533262376
2014-07-31,URY,113.0,2.5956238880745
2010-01-31,GBR,2.29,2.551061452514
2013-01-31,GRC,3.3,2.5310086579054
2014-07-31,ESP,3.65,2.4854535974974
2011-07-31,PRT,2.9,2.2776137761378
2013-07-31,EUR,3.6238704886156,2.2543850929962
2009-07-31,TUR,5.65,2.1020646573523
2008-06-30,ARG,11.0,2.0444607715582
2012-07-31,DEU,3.64,1.9746735990757
2009-07-31,CZE,67.92,1.9487131778101
2014-01-31,IRL,3.46,1.4954117859074
2013-07-31,AUS,5.035,1.3869257498171
2006-05-31,CAN,3.52,1.3417708034934
2009-07-31,HUN,720.0,1.2668213525802
2014-01-31,NLD,3.45,1.2020724454857
2017-01-31,BRA,16.5,1.1451655645215
2007-06-30,VEN,7400.0,1.0612386038089
2010-01-31,NZL,4.9,0.87445803138761
2012-07-31,ITA,3.6,0.85407279029464
2012-07-31,FRA,3.6,0.85407279029464
2020-07-31,SWE,52.6,0.804
2002-04-30,ISR,12.0,0.61121311970218
2013-01-31,CRI,2200.0,0.57957355318996
2016-07-31,FIN,4.6,0.48353174603175
2011-07-31,JPN,320.0,0.45401289845219
2002-04-30,SWE,26.0,0.40160642570279
2014-07-31,AUS,5.1,0.3992700729927
2012-07-31,EUR,3.5834822412817,0.391327445821
2010-07-31,URY,79.0,0.28774542992551
2007-01-31,TUR,4.55,0.23362144074264
2011-07-31,CZE,69.32,0.18206268927257
2014-01-31,GBR,2.79,0.056871508379897
2007-01-31,NZL,4.6,0.042818326243621
2011-07-31,CRI,2050.0,8.5365860824638e-06
2003-04-30,IND,0.0,0.0
2001-04-30,IND,0.0,0.0
2002-04-30,IND,0.0,0.0
2012-07-31,PER,0.0,0.0
2000-04-30,IND,0.0,0.0
2000-04-30,SAU,0.0,0.0
2001-04-30,SAU,0.0,0.0
2002-04-30,SAU,0.0,0.0
2003-04-30,SAU,0.0,0.0
2005-06-30,IND,0.0,0.0
2002-04-30,EGY,0.0,0.0
2001-04-30,EGY,0.0,0.0
2000-04-30,EGY,0.0,0.0
2006-01-31,SAU,0.0,0.0
2004-05-31,IND,0.0,0.0
2003-04-30,ISR,0.0,0.0
2006-01-31,IND,0.0,0.0
2014-01-31,USA,4.6241666666667,0.0
2003-04-30,UKR,0.0,0.0
2006-01-31,UKR,0.0,0.0
2000-04-30,USA,2.51,0.0
2001-04-30,USA,2.54,0.0
2002-04-30,USA,2.49,0.0
2003-04-30,USA,2.71,0.0
2004-05-31,USA,2.9,0.0
2005-06-30,USA,3.06,0.0
2006-01-31,USA,3.15,0.0
2006-05-31,USA,3.1,0.0
2007-01-31,USA,3.22,0.0
2000-04-30,PHL,0.0,0.0
2007-06-30,USA,3.41,0.0
2008-06-30,USA,3.57,0.0
2009-07-31,USA,3.57,0.0
2010-01-31,USA,3.58,0.0
2010-07-31,USA,3.7333333333333,0.0
2011-07-31,USA,4.065,0.0
2012-01-31,USA,4.19722,0.0
2012-07-31,USA,4.3275,0.0
2013-01-31,USA,4.3673958333333,0.0
2002-04-30,UKR,0.0,0.0
2001-04-30,UKR,0.0,0.0
2000-04-30,UKR,0.0,0.0
2002-04-30,PAK,0.0,0.0
2000-04-30,PER,0.0,0.0
2000-04-30,UAE,0.0,0.0
2001-04-30,UAE,0.0,0.0
2002-04-30,UAE,0.0,0.0
2003-04-30,UAE,0.0,0.0
2004-05-31,UAE,0.0,0.0
2006-01-31,UAE,0.0,0.0
2006-01-31,PAK,0.0,0.0
2003-04-30,PAK,0.0,0.0
2001-04-30,PAK,0.0,0.0
2000-04-30,NOR,0.0,0.0
2000-04-30,PAK,0.0,0.0
2000-04-30,LKA,0.0,0.0
2001-04-30,LKA,0.0,0.0
2002-04-30,LKA,0.0,0.0
2003-04-30,LKA,0.0,0.0
2006-01-31,NOR,0.0,0.0
2006-01-31,LKA,0.0,0.0
2003-04-30,NOR,0.0,0.0
2001-04-30,NOR,0.0,0.0
2013-07-31,USA,4.5566666666667,0.0
2014-07-31,USA,4.795,0.0
2006-05-31,IND,0.0,0.0
2015-01-31,USA,4.79,0.0
2001-04-30,PER,0.0,0.0
2001-04-30,ISR,0.0,0.0
2022-01-31,USA,5.81,0.0
2000-04-30,URY,0.0,0.0
2001-04-30,URY,0.0,0.0
2002-04-30,URY,0.0,0.0
2003-04-30,URY,0.0,0.0
2006-01-31,URY,0.0,0.0
2000-04-30,VEN,0.0,0.0
2001-04-30,VEN,0.0,0.0
2008-06-30,VEN,0.0,0.0
2010-01-31,VEN,0.0,0.0
2010-07-31,VEN,0.0,0.0
2001-04-30,TUR,0.0,0.0
2000-04-30,TUR,0.0,0.0
2010-07-31,IND,0.0,0.0
2010-01-31,IND,0.0,0.0
2009-07-31,IND,0.0,0.0
2008-06-30,IND,0.0,0.0
2007-06-30,IND,0.0,0.0
2007-01-31,IND,0.0,0.0
2004-05-31,ISR,0.0,0.0
2005-06-30,ISR,0.0,0.0
2006-01-31,ISR,0.0,0.0
2003-04-30,LTU,0.0,0.0
2015-07-31,USA,4.79,0.0
2016-01-31,USA,4.93,0.0
2016-07-31,USA,5.04,0.0
2017-01-31,USA,5.06,0.0
2017-07-31,USA,5.3,0.0
2018-01-31,USA,5.28,0.0
2018-07-31,USA,5.51,0.0
2019-07-31,USA,5.74,0.0
2006-01-31,LTU,0.0,0.0
2002-04-30,LTU,0.0,0.0
2006-05-31,ISR,0.0,0.0
2001-04-30,LTU,0.0,0.0
2000-04-30,LTU,0.0,0.0
2020-01-31,USA,5.67,0.0
2020-07-31,USA,5.71,0.0
2021-01-31,USA,5.66,0.0
2021-07-31,USA,5.65,0.0
2008-06-30,ISR,0.0,0.0
2007-06-30,ISR,0.0,0.0
2007-01-31,ISR,0.0,0.0
2019-01-31,USA,5.58,0.0
2009-07-31,VEN,0.0,0.0
2001-04-30,LVA,0.0,0.0
2006-01-31,COL,0.0,0.0
2000-04-30,LVA,0.0,0.0
2006-01-31,LVA,0.0,0.0
2000-04-30,COL,0.0,0.0
2001-04-30,COL,0.0,0.0
2003-04-30,LVA,0.0,0.0
2006-01-31,CRI,0.0,0.0
2003-04-30,COL,0.0,0.0
2002-04-30,COL,0.0,0.0
2003-04-30,CRI,0.0,0.0
2002-04-30,CRI,0.0,0.0
2001-04-30,CRI,0.0,0.0
2000-04-30,CRI,0.0,0.0
2002-04-30,LVA,0.0,0.0
2003-04-30,KOR,3300.0,-0.18752646542859
2012-01-31,GRC,3.3,-0.25433501222237
2000-04-30,ARG,2.5,-0.39840637450198
2022-01-31,SWE,54.0,-0.426
2018-01-31,CAN,6.55,-0.43098940281701
2002-04-30,PER,8.5,-0.47654173545495
2013-01-31,CHL,2050.0,-0.50084401751654
2014-01-31,AUT,3.39,-0.55796359704452
2011-07-31,HUN,760.0,-0.59048025191566
2015-01-31,FIN,4.1,-0.82536534446765
2012-01-31,JPN,320.0,-0.88281275090974
2013-01-31,NZL,5.2,-0.98035156343167
2014-01-31,NZL,5.5,-1.1308343845738
2013-07-31,ESP,3.5,-1.2408558888076
2010-01-31,CRI,2050.0,-1.431640510711
2012-01-31,ISR,15.9,-1.5662796488239
2001-04-30,ARG,2.5,-1.5748031496063
2011-07-31,CHL,1850.0,-1.6521769755785
2010-07-31,JPN,320.0,-1.6812506144922
2017-07-31,FIN,4.56,-1.7492075471698
2013-07-31,COL,8600.0,-1.7519755278642
2012-01-31,NLD,3.25,-1.7656329665826
2012-07-31,ESP,3.5,-1.947429231658
2014-07-31,IRL,3.49,-2.0070594369134
2008-06-30,LVA,1.55,-2.0587255881374
2012-07-31,IRL,3.49,-2.2275794338532
2000-04-30,CHL,1260.0,-2.3361805695506
2006-01-31,NZL,4.45,-2.3502859819995
2010-01-31,JPN,320.0,-2.3536433686528
2007-06-30,HUN,600.0,-2.3625251905906
2013-07-31,IRL,3.46,-2.3695318215069
2006-01-31,TUR,4.1,-2.6122482912607
2018-01-31,ITA,4.2,-2.6164772727273
2018-01-31,FRA,4.2,-2.6164772727273
2013-07-31,NLD,3.45,-2.6517008046818
2013-01-31,GBR,2.69,-2.7296205309228
2020-07-31,NOR,52.0,-2.82
2014-07-31,COL,8600.0,-2.9288592416819
2014-07-31,NLD,3.45,-3.1301876955162
2015-01-31,CAN,5.7,-3.1395447337693
2009-07-31,JPN,320.0,-3.1644203081762
2018-01-31,BRA,16.5,-3.1878310976176
2009-07-31,GBR,2.29,-3.2067574155282
2014-01-31,AUS,5.05,-3.2573256442602
2015-07-31,ISR,17.5,-3.3058166551753
2015-01-31,URY,113.0,-3.4152950000321
2008-06-30,POL,7.0,-3.4785835868227
2012-01-31,CHL,2050.0,-3.4841370136347
2012-01-31,NZL,5.1,-3.5643830916654
2017-07-31,BRA,16.5,-3.744008064502
2012-07-31,GBR,2.69,-3.8157943385326
2009-07-31,CRI,2000.0,-3.8357468397181
2010-07-31,NZL,5.0,-3.8392857142857
2012-07-31,ARG,19.0,-3.8483283288602
2012-07-31,CHL,2050.0,-3.9215868919987
2020-01-31,SWE,51.5,-3.977
2007-01-31,CHL,1670.0,-3.9834230542126
2007-01-31,CAN,3.63,-4.044840401193
2012-01-31,CRI,2050.0,-4.1452045683359
2007-01-31,KOR,2900.0,-4.2045292759217
2011-07-31,GBR,2.39,-4.2647724477245
2007-01-31,COL,6900.0,-4.3078989044849
2013-07-31,AUT,3.39,-4.3447147037308
2005-06-30,TUR,4.0,-4.5150078536406
2006-01-31,CAN,3.52,-4.5232127938895
2002-04-30,KOR,3100.0,-4.5260797792397
2002-04-30,EUR,2.67,-4.566265060241
2010-07-31,ARG,14.0,-4.6711153479504
2013-07-31,TUR,8.5,-4.7026139493735
2014-07-31,AUT,3.39,-4.8148800834202
2018-01-31,BEL,4.1,-4.9351325757576
2006-01-31,GBR,1.88,-5.0098126371327
2006-05-31,CHL,1560.0,-5.04277640313
2016-07-31,BRA,15.5,-5.122805368066
2000-04-30,EUR,2.56,-5.1474103585657
2018-07-31,NOR,42.0,-5.2
2002-04-30,MEX,21.9,-5.2243456584961
2006-01-31,CHL,1560.0,-5.2629181754002
2010-07-31,PER,10.0,-5.267146646457
2015-07-31,CAN,5.85,-5.3039960256816
2012-07-31,NLD,3.38,-5.3092316580011
2013-07-31,CRI,2150.0,-5.382034886964
2012-07-31,JPN,320.0,-5.4644641659358
2021-01-31,ISR,17.0,-5.5
2009-07-31,AUS,4.34,-5.5337419760817
2018-01-31,IRL,4.07,-5.6307291666667
2013-07-31,NZL,5.5,-5.6530724213607
2015-01-31,FRA,3.9,-5.6631524008351
2007-01-31,HUN,590.0,-5.757470069443
2015-07-31,GBR,2.89,-5.7944467640919
2008-06-30,AUS,3.45,-5.8102773273052
2017-01-31,FIN,4.55,-5.8662549407114
2021-07-31,CAN,6.77,-5.955
2006-05-31,PER,9.5,-6.0252643657695
2009-07-31,CAN,3.89,-6.13465526625
2019-07-31,SWE,51.0,-6.2
2014-01-31,COL,8600.0,-6.2033867556685
2015-01-31,NZL,5.9,-6.2097077244259
2015-07-31,FRA,4.1,-6.2178496868476
2015-07-31,FIN,4.1,-6.2178496868476
2004-05-31,KOR,3200.0,-6.2490844637155
2008-06-30,PER,9.5,-6.3005483883694
2009-07-31,COL,7000.0,-6.4332738248955
2022-01-31,URY,239.0,-6.585000000000001
2018-01-31,DNK,30.0,-6.590524243869
2021-01-31,CAN,6.77,-6.6000000000000005
2012-01-31,AUT,3.09,-6.6017864205355
2001-04-30,JPN,294.0,-6.6548133096266
2010-07-31,GBR,2.29,-6.6906785714286
2007-01-31,BRA,6.4,-6.8395762947479
2015-01-31,ITA,3.85,-6.8725991649269
2010-01-31,URY,77.0,-6.9114050454018
2015-01-31,ISR,17.5,-7.1350945843655
2011-07-31,TUR,6.5,-7.1877418138607
2001-04-30,MEX,21.9,-7.1900189010281
2018-01-31,URY,140.0,-7.2248022562928
2014-01-31,CRI,2150.0,-7.3659867320518
2012-07-31,NZL,5.1,-7.463431542461
2007-01-31,PER,9.5,-7.4992770338231
2014-07-31,TUR,9.25,-7.7540798562958
2007-06-30,KOR,2900.0,-7.8113948294908
2022-01-31,ISR,17.0,-7.922999999999999
2018-07-31,CAN,6.65,-8.0
2001-04-30,SWE,24.0,-8.085419283679
2010-07-31,CZE,67.64,-8.2528654476638
2016-07-31,ITA,4.2,-8.2541666666667
2013-01-31,PRT,2.95,-8.3434922603573
2022-01-31,CAN,6.77,-8.379
2013-01-31,ISR,14.9,-8.4011746925623
2018-01-31,ESP,3.95,-8.413115530303
2018-01-31,EUR,3.95,-8.413115530303
2008-06-30,CRI,1800.0,-8.4966642458951
2015-07-31,ITA,4.0,-8.5052192066806
2004-05-31,NZL,4.35,-8.5365853658537
2021-07-31,ISR,17.0,-8.603
2020-01-31,CAN,6.77,-8.613999999999999
2016-07-31,CAN,6.0,-8.6357490041297
2005-06-30,COL,6500.0,-8.743265603989
2021-01-31,EUR,4.25,-8.799999999999999
2015-01-31,GBR,2.89,-8.805114822547
2000-04-30,ROC,70.0,-8.8612868786293
2019-01-31,CAN,6.77,-8.9
2012-01-31,GBR,2.49,-8.9064904865601
2018-01-31,ISR,16.5,-9.060485689758
2021-07-31,URY,225.0,-9.493
2017-07-31,ITA,4.2,-9.5058490566038
2018-01-31,DEU,3.9,-9.5724431818182
2005-06-30,PER,8.99,-9.7305814314501
2015-01-31,AUS,5.3,-9.8391440501044
2017-07-31,ISR,16.9,-9.937035862646
2011-07-31,SIN,4.41,-10.122128436396
2004-05-31,CRI,1130.0,-10.124513340147
2011-07-31,PER,10.0,-10.136087662246
2019-07-31,CAN,6.77,-10.2
2006-05-31,BRA,6.4,-10.413706702874
2016-07-31,FRA,4.1,-10.438591269841
2010-07-31,CHL,1750.0,-10.484101976511
2015-01-31,BEL,3.7,-10.500939457203
2014-01-31,GRC,3.05,-10.531501171382
2013-01-31,PER,10.0,-10.541356048511
2015-07-31,BRA,13.5,-10.594584753734
2016-01-31,FRA,4.1,-10.598377281947
2016-01-31,FIN,4.1,-10.598377281947
2012-01-31,SIN,4.85,-10.618289493928
2012-07-31,AUT,3.19,-10.632085499711
2009-07-31,CHL,1750.0,-10.637849160264
2010-07-31,HUN,740.0,-10.701876493069
2008-06-30,URY,61.0,-10.773708961391
2001-04-30,KOR,3000.0,-10.860199078889
2018-01-31,AUS,5.9,-10.86865530303
2017-01-31,CAN,5.98,-10.873440285205
2010-01-31,SIN,4.45,-10.929973144887
2001-04-30,EUR,2.57,-10.96062992126
2015-01-31,EUR,3.68,-10.984718162839
2004-05-31,TUR,3950000.0,-11.034032298025
2020-07-31,CAN,6.88,-11.09
2021-07-31,EUR,4.27,-11.105
2010-01-31,CHL,1600.0,-11.165300277942
2004-05-31,PER,8.99,-11.174785100287
2008-06-30,LTU,6.9,-11.218506695283
2015-01-31,DEU,3.67,-11.226607515658
2006-05-31,NZL,4.45,-11.445094665194
2000-04-30,MEX,20.9,-11.512293017092
2012-01-31,PER,10.0,-11.512371829155
2017-07-31,FRA,4.1,-11.660471698113
2015-01-31,ESP,3.65,-11.710386221294
2013-07-31,GBR,2.69,-11.776068032187
2008-06-30,MEX,32.0,-11.849481888443
2021-01-31,AUS,6.48,-11.899999999999999
2016-07-31,DNK,30.0,-11.909888749237
2008-06-30,KOR,3200.0,-11.953387022507
2014-01-31,PRT,3.0,-11.998197873491
2007-06-30,PER,9.5,-12.032720124228
2006-05-31,TUR,4.2,-12.109068460758
2017-07-31,CAN,5.97,-12.156664248645
2008-06-30,CHL,1550.0,-12.226085218278
2017-07-31,IRL,4.07,-12.306858490566
2016-01-31,DNK,30.0,-12.323424857449
2012-01-31,PRT,2.9,-12.344718647105
2006-05-31,HUN,560.0,-12.45453654651
2006-01-31,PER,9.5,-12.481920607283
2013-01-31,ARG,19.0,-12.580757868323
2013-01-31,HUN,830.0,-12.610856964034
2016-07-31,IRL,4.0,-12.623015873016
2017-07-31,BEL,4.05,-12.737783018868
2016-01-31,ITA,4.0,-12.778904665314
2022-01-31,VEN,23.0,-12.870999999999999
2007-06-30,CHL,1565.0,-12.872466725216
2006-01-31,BRA,6.2,-12.966881792882
2016-01-31,ISR,16.9,-13.018310186125
2017-07-31,DNK,30.0,-13.085084053242
2016-07-31,ISR,16.9,-13.102051100107
2017-01-31,ITA,4.2,-13.107312252964
2020-01-31,ISR,17.0,-13.333
2017-01-31,ISR,16.9,-13.361324290101
2020-07-31,ISR,17.0,-13.369
2004-05-31,HUN,530.0,-13.384539957509
2021-01-31,DNK,30.0,-13.4
2009-07-31,LVA,1.55,-13.459503793545
2010-01-31,LVA,1.55,-13.459503793545
2007-06-30,AUS,3.45,-13.527332882172
2003-04-30,TUR,3750000.0,-13.54177834187
2013-07-31,CHL,2000.0,-13.625303847287
2016-07-31,BEL,3.95,-13.715228174603
2015-07-31,URY,113.0,-13.728966186717
2009-07-31,NZL,4.9,-13.803559543578
2011-07-31,KOR,3700.0,-13.82227777968
2006-05-31,CZE,59.05,-13.838613083282
2016-01-31,IRL,3.95,-13.869168356998
2016-01-31,BEL,3.95,-13.869168356998
2021-01-31,NZL,6.8,-13.900000000000002
2018-01-31,NLD,3.71,-13.977888257576
2017-01-31,URY,125.0,-13.999800479537
2006-01-31,HUN,560.0,-14.098756364745
2018-07-31,EUR,4.04,-14.1
2002-04-30,CHL,1400.0,-14.160458628407
2005-06-30,CAN,3.28,-14.207185462094
2014-07-31,GRC,3.05,-14.361470281543
2016-01-31,GBR,2.89,-14.363965517241
2018-07-31,DNK,30.0,-14.4
2017-07-31,URY,130.0,-14.550420181876
2003-04-30,VEN,3700.0,-14.561098051531
2017-07-31,AUS,5.9,-14.566886792453
2018-01-31,NZL,6.2,-14.579734848485
2016-07-31,AUS,5.75,-14.588541666667
2022-01-31,EUR,4.42,-14.719
2013-01-31,CZE,70.33,-14.773958939809
2002-04-30,CAN,3.33,-14.81850970762
2013-07-31,ARG,21.0,-14.852063908256
2005-06-30,HUN,530.0,-14.947916511206
2018-07-31,ISR,17.0,-15.1
2021-07-31,AUS,6.55,-15.168999999999999
2017-01-31,FRA,4.1,-15.176185770751
2021-01-31,URY,204.0,-15.2
2020-01-31,BRA,19.9,-15.264
2006-05-31,KOR,2500.0,-15.324274159678
2015-07-31,IRL,3.7,-15.36732776618
2015-07-31,EUR,3.7,-15.36732776618
2015-07-31,BEL,3.7,-15.36732776618
2019-07-31,NOR,42.0,-15.4
2007-01-31,AUS,3.45,-15.426776220941
2007-01-31,UAE,10.0,-15.438924410178
2009-07-31,ARG,11.5,-15.479474833554
2017-01-31,AUS,5.8,-15.510276679842
2015-01-31,IRL,3.49,-15.580615866388
2012-01-31,TUR,6.6,-15.592506701199
2020-01-31,URY,179.0,-15.668000000000001
2006-01-31,MEX,28.0,-15.685189576582
2021-07-31,NZL,6.9,-15.704
2003-04-30,PER,7.9,-15.747712390419
2017-07-31,EUR,3.91,-15.754254716981
2014-07-31,PRT,3.0,-15.765380604797
2005-06-30,MEX,28.0,-15.800995653226
2015-07-31,CRI,2150.0,-15.835031965072
2021-07-31,GBR,3.49,-15.922
2016-01-31,CAN,5.84,-15.939243648951
2001-04-30,CAN,3.33,-15.960024227741
2017-07-31,DEU,3.9,-15.969716981132
2021-07-31,DNK,30.0,-16.037000000000003
2013-01-31,EST,2.7,-16.110992916259
2020-07-31,EUR,4.21,-16.18
2001-04-30,ROC,70.0,-16.233875020942
2016-07-31,NZL,6.0,-16.244047619048
2006-05-31,COL,6500.0,-16.249632786851
2015-01-31,CRI,2150.0,-16.273055917799
2010-01-31,UAE,11.0,-16.345611262619
2017-07-31,NZL,6.1,-16.372452830189
2018-01-31,GBR,3.19,-16.419583333333
2014-07-31,KOR,4100.0,-16.477914392409
2017-01-31,DNK,30.0,-16.509716529615
2015-07-31,ESP,3.65,-16.511012526096
2015-01-31,NLD,3.45,-16.548173277662
2014-07-31,CRI,2150.0,-16.54871895491
2016-07-31,EUR,3.82,-16.55498015873
2013-01-31,SIN,4.5,-16.559720097804
2014-01-31,HUN,860.0,-16.637420459932
2010-01-31,KOR,3400.0,-16.727692205957
2013-07-31,PRT,2.95,-16.760149963424
2019-01-31,EUR,4.05,-16.8
2018-01-31,SIN,5.8,-16.941904012336
2019-07-31,ISR,17.0,-17.0
2022-01-31,DNK,32.0,-17.018
2007-01-31,ARG,8.25,-17.050204735177
2022-01-31,GBR,3.59,-17.099
2016-07-31,DEU,3.79,-17.210307539683
2006-05-31,MEX,29.0,-17.236521753524
2015-01-31,TUR,9.25,-17.242431943419
2017-01-31,IRL,4.0,-17.245059288538
2005-06-30,CHL,1500.0,-17.259502332455
2017-01-31,NZL,6.0,-17.286561264822
2007-01-31,MEX,29.0,-17.293779454109
2013-07-31,HUN,860.0,-17.389125976761
2006-01-31,CZE,62.0,-17.430352668947
2001-04-30,CHL,1260.0,-17.460400644595
2019-01-31,DNK,30.0,-17.5
2010-07-31,SIN,4.23,-17.549431357465
2019-01-31,ISR,17.0,-17.8
2009-07-31,SAU,11.0,-17.842563646619
2012-01-31,CZE,70.22,-17.850067069571
2014-01-31,EST,2.8,-17.864984681925
2015-07-31,DEU,3.59,-17.883434237996
2015-01-31,AUT,3.39,-17.999509394572
2018-07-31,AUS,6.05,-18.1
2003-04-30,NZL,3.95,-18.114349682823
2015-07-31,AUS,5.3,-18.115553235908
2017-07-31,ESP,3.8,-18.124339622642
2008-06-30,SIN,3.95,-18.207904118957
2017-01-31,ESP,3.95,-18.279496047431
2017-01-31,BEL,3.95,-18.279496047431
2016-07-31,CRI,2250.0,-18.294886174972
2015-07-31,NZL,5.9,-18.379227557411
2005-06-30,AUS,3.25,-18.394813425434
2019-01-31,BRA,16.9,-18.5
2016-01-31,CRI,2150.0,-18.523030981144
2003-04-30,CAN,3.2,-18.564702888408
2014-07-31,EST,2.9,-18.573201251303
2014-01-31,TUR,8.5,-18.720831311863
2018-01-31,CHL,2600.0,-18.733157446881
2005-06-30,KOR,2500.0,-18.747542113149
2018-07-31,URY,140.0,-18.8
2019-07-31,URY,164.0,-18.8
2006-01-31,KOR,2500.0,-18.803949700671
2016-01-31,EUR,3.72,-18.884381338742
2002-04-30,JPN,262.0,-19.060858819895
2004-05-31,COL,6500.0,-19.078813127707
2013-07-31,SIN,4.7,-19.082470973419
2016-07-31,URY,123.0,-19.095766932664
2015-07-31,TUR,10.25,-19.118768604163
2020-01-31,EUR,4.12,-19.188
2012-07-31,SIN,4.4,-19.209112294055
2002-04-30,ROC,70.0,-19.21709827817
2003-04-30,HUN,490.0,-19.280442804428
2009-07-31,SIN,4.22,-19.284887051441
2003-04-30,MEX,23.0,-19.400903410744
2003-04-30,JPN,262.0,-19.434194341943
2012-07-31,HUN,830.0,-19.485939667282
2013-01-31,JPN,320.0,-19.540759081944
2011-07-31,UAE,12.0,-19.630020819341
2009-07-31,LTU,7.1,-19.654364391901
2010-01-31,LTU,7.1,-19.654364391901
2004-05-31,CAN,3.19,-19.70802919708
2017-01-31,EUR,3.88,-19.727707509881
2010-07-31,UAE,11.0,-19.778140369779
2020-07-31,DNK,30.0,-19.779
2017-01-31,CRI,2250.0,-19.783516746243
2020-07-31,AUS,6.55,-19.817
2019-07-31,BRA,17.5,-19.9
2005-06-30,UAE,9.0,-19.913506587114
2004-05-31,JPN,262.0,-20.04882514495
2018-07-31,BRA,16.9,-20.1
2007-06-30,UAE,10.0,-20.15597370848
2014-01-31,CHL,2000.0,-20.193677972612
2010-01-31,POL,8.1,-20.20983434478
2007-06-30,LVA,1.39,-20.214399406717
2019-07-31,EUR,4.08,-20.3
2016-07-31,SIN,5.45,-20.354334068704
2011-07-31,LVA,1.6,-20.443873463495
2006-05-31,LVA,1.35,-20.47409222649
2016-01-31,NZL,5.9,-20.643204868154
2014-07-31,SIN,4.7,-20.824903431651
2022-01-31,NZL,7.0,-20.873
2006-05-31,UAE,9.0,-20.949033206676
2015-01-31,KOR,4100.0,-20.986809229589
2007-06-30,MEX,29.0,-21.018255527214
2015-07-31,NLD,3.45,-21.085751565762
2013-07-31,PER,10.0,-21.143130212932
2018-01-31,AUT,3.4,-21.16571969697
2020-01-31,DNK,30.0,-21.257
2006-05-31,AUS,3.25,-21.323565189962
2016-07-31,AUT,3.6,-21.360714285714
2005-06-30,ROC,75.0,-21.379939305313
2014-07-31,HUN,860.0,-21.441672411319
2015-07-31,KOR,4300.0,-21.495098464316
2020-01-31,AUS,6.45,-21.497
2019-07-31,DNK,30.0,-21.5
2005-06-30,SAU,9.0,-21.570718898476
2017-01-31,DEU,3.79,-21.589693675889
2021-01-31,GBR,3.29,-21.6
2010-01-31,PER,8.056,-21.606712084691
2004-05-31,AUS,3.25,-21.630094043887
2021-01-31,SIN,5.9,-21.7
2016-01-31,DEU,3.59,-21.71906693712
2007-06-30,ARG,8.25,-21.741716360677
2005-06-30,BRA,5.9,-21.774400553254
2016-07-31,GBR,2.99,-21.820992063492
2013-01-31,KOR,3700.0,-21.952437686985
2004-05-31,LTU,6.5,-21.987424372809
2019-01-31,AUS,6.1,-22.0
2018-01-31,KOR,4400.0,-22.063751850986
2017-07-31,ARG,70.0,-22.15973378629
2012-01-31,UAE,12.0,-22.160760517288
2006-05-31,LTU,6.5,-22.181736771943
2014-01-31,SIN,4.6,-22.213407895915
2020-01-31,GBR,3.39,-22.218
2017-07-31,NLD,3.61,-22.218122641509
2005-06-30,CRI,1130.0,-22.305692036265
2018-01-31,GRC,3.35,-22.325047348485
2014-07-31,CHL,2100.0,-22.367461201198
2022-01-31,AUS,6.4,-22.39
2018-07-31,SIN,5.8,-22.4
2013-07-31,EST,2.75,-22.40352962692
2011-07-31,EST,2.2,-22.410086100861
2017-07-31,GBR,3.19,-22.425820754717
2015-07-31,AUT,3.39,-22.458173277662
2006-01-31,AUS,3.25,-22.471743932519
2006-05-31,SAU,9.0,-22.559994493155
2004-05-31,ROC,75.0,-22.568655791865
2000-04-30,CAN,2.85,-22.757947800634
2020-01-31,SIN,5.9,-22.758
2014-07-31,PHL,160.0,-22.767985737178
2021-07-31,BRA,22.9,-22.778000000000002
2012-07-31,CZE,70.33,-22.786594795511
2019-01-31,URY,140.0,-22.8
2014-01-31,PER,10.0,-22.944884691354
2017-01-31,SIN,5.6,-23.077715545513
2018-07-31,NZL,6.2,-23.2
2018-07-31,GBR,3.19,-23.2
2019-01-31,SIN,5.8,-23.3
2017-07-31,SIN,5.6,-23.306686972134
2015-01-31,PHL,163.0,-23.374853507293
2013-07-31,CZE,70.45,-23.395845947557
2007-01-31,LVA,1.35,-23.437790652832
2005-06-30,JPN,250.0,-23.441553291263
2017-07-31,VEN,10950.0,-23.480083857442
2016-07-31,KOR,4400.0,-23.483424075036
2016-07-31,ESP,3.5,-23.545138888889
2007-06-30,LTU,6.6,-23.605854592657
2021-07-31,SIN,5.9,-23.68
2016-01-31,AUT,3.5,-23.68154158215
2016-01-31,ESP,3.5,-23.68154158215
2018-01-31,CRI,2290.0,-23.713415085902
2008-06-30,UAE,10.0,-23.734417463842
2009-07-31,UAE,10.0,-23.737532039769
2020-07-31,NZL,6.6,-23.846
2012-01-31,KOR,3700.0,-23.92354919137
2007-06-30,SIN,3.95,-23.979801722002
2014-07-31,JPN,370.0,-23.999101546136
2016-01-31,AUS,5.3,-24.063793103448
2016-01-31,URY,113.0,-24.065289067653
2007-06-30,URY,62.0,-24.068414358663
2011-07-31,POL,8.63,-24.091775242695
2020-07-31,URY,189.0,-24.213
2020-01-31,NZL,6.5,-24.258
2010-07-31,KOR,3400.0,-24.387539066438
2005-06-30,LTU,6.5,-24.492286131951
2012-07-31,UAE,12.0,-24.503094110928
2017-07-31,CRI,2290.0,-24.527642739567
2016-07-31,NLD,3.45,-24.637351190476
2013-07-31,KOR,3900.0,-24.637773390165
2004-05-31,CHL,1400.0,-24.686642638119
2006-05-31,ROC,75.0,-24.726833679423
2015-07-31,PHL,163.0,-24.734912784271
2007-01-31,CZE,52.1,-24.7476333889
2016-01-31,NLD,3.45,-24.771805273834
2012-07-31,GRC,2.683,-24.835700751011
2005-06-30,CZE,56.42,-24.868653974663
2014-01-31,CZE,70.45,-24.889924425102
2022-01-31,SIN,5.9,-24.898
2013-01-31,LVA,1.69,-24.89892583453
2018-07-31,COL,11900.0,-24.9
2019-01-31,NZL,6.2,-24.9
2021-01-31,THA,128.0,-24.9
2010-07-31,LVA,1.55,-24.908921789009
2018-01-31,ARG,75.0,-24.992499249925
2000-04-30,SIN,3.2,-25.005858917272
2014-01-31,KOR,3700.0,-25.030996896773
2007-01-31,LTU,6.5,-25.081796271125
2020-07-31,GBR,3.39,-25.09
2013-01-31,UAE,12.0,-25.194789335129
2014-07-31,PER,10.0,-25.197068323502
2014-01-31,LTU,8.8,-25.23589244124
2008-06-30,SAU,10.0,-25.294490054026
2017-01-31,NLD,3.61,-25.313666007905
2011-07-31,LTU,7.3,-25.435228442967
2007-01-31,SAU,9.0,-25.445957431298
2009-07-31,PER,8.056,-25.461365097007
2006-01-31,ROC,75.0,-25.477632484002
2010-01-31,SAU,10.0,-25.51607675896
2020-07-31,SIN,5.9,-25.535000000000004
2012-07-31,KOR,3700.0,-25.717018983819
2022-01-31,BRA,22.9,-25.773000000000003
2003-04-30,ROC,70.0,-25.775119820164
2019-07-31,AUS,6.15,-25.8
2019-07-31,SIN,5.8,-25.8
2018-01-31,PRT,3.2,-25.80303030303
2015-07-31,UAE,13.0,-26.108782479915
2015-01-31,UAE,13.0,-26.110794192729
2006-05-31,ARG,7.0,-26.122541595648
2014-07-31,UAE,13.0,-26.187842373967
2015-01-31,GRC,3.05,-26.223747390397
2022-01-31,ARG,450.0,-26.247
2009-07-31,URY,61.0,-26.254489711292
2019-07-31,NZL,6.4,-26.3
2017-01-31,GBR,3.09,-26.316324110672
2015-01-31,SIN,4.7,-26.399065675288
2007-06-30,POL,6.9,-26.469087684387
2018-07-31,CHL,2640.0,-26.5
2007-06-30,CZE,52.9,-26.53606032681
2004-05-31,CZE,56.42,-26.58425504229
2008-06-30,JPN,280.0,-26.600184784035
2013-07-31,GRC,2.6,-26.636064374543
2017-07-31,AUT,3.4,-26.742830188679
2018-07-31,CRI,2290.0,-26.8
2018-07-31,KOR,4500.0,-26.8
2016-07-31,GRC,3.35,-26.821775793651
2006-05-31,SIN,3.6,-26.838636516056
2016-01-31,GRC,3.35,-26.952332657201
2018-01-31,EST,3.15,-26.962357954545
2019-01-31,GBR,3.19,-27.0
2006-05-31,VEN,5701.25,-27.007163764365
2006-01-31,ZAF,13.95,-27.165247955341
2016-01-31,KOR,4300.0,-27.179214915729
2002-04-30,SIN,3.3,-27.181252482457
2021-01-31,CZE,89.0,-27.200000000000003
2014-07-31,LTU,8.95,-27.218122752491
2020-01-31,CRI,2350.0,-27.283
2000-04-30,IDN,14500.0,-27.288956195357
2007-01-31,SIN,3.6,-27.305021466221
2017-01-31,KOR,4400.0,-27.321223837912
2010-07-31,LTU,7.3,-27.409988385598
2018-01-31,COL,10900.0,-27.41537138398
2015-01-31,PRT,3.0,-27.433194154489
2017-07-31,CHL,2550.0,-27.469895384568
2017-07-31,KOR,4400.0,-27.472268444915
2021-01-31,KOR,4500.0,-27.500000000000004
2009-07-31,KOR,3400.0,-27.548044702856
2007-01-31,PAK,140.0,-27.602596170901
2021-07-31,CZE,89.0,-27.744000000000003
2003-04-30,CZE,56.57,-27.769762126687
2021-01-31,CHL,2940.0,-27.800000000000004
2018-01-31,UAE,14.0,-27.810641124009
2017-07-31,GRC,3.35,-27.820141509434
2003-04-30,CHL,1400.0,-27.848440495578
2018-01-31,CZE,79.0,-27.882965189564
2007-01-31,POL,6.9,-27.892415483902
2019-01-31,KOR,4500.0,-27.9
2014-07-31,CZE,70.45,-27.935039734415
2017-01-31,CHL,2450.0,-28.034166910151
2006-05-31,JPN,250.0,-28.06283279932
2016-07-31,LKA,530.0,-28.072003995397
2017-07-31,UAE,14.0,-28.083053799013
2015-07-31,PAK,350.0,-28.152513738266
2015-07-31,SIN,4.7,-28.190072017718
2016-01-31,UAE,13.0,-28.210045038257
2001-04-30,SIN,3.3,-28.220298429547
2013-07-31,UAE,12.0,-28.301006713615
2006-01-31,VEN,5900.0,-28.399344283622
2006-05-31,CRI,1130.0,-28.461022494577
2007-01-31,JPN,280.0,-28.480880257326
2019-07-31,GBR,3.29,-28.5
2012-01-31,LVA,1.65,-28.569574070591
2022-01-31,LKA,840.0,-28.571999999999996
2020-07-31,THA,128.0,-28.575
2018-01-31,LKA,580.0,-28.577057965875
2010-07-31,SAU,10.0,-28.579998971552
2007-01-31,URY,55.0,-28.607125008924
2004-05-31,MEX,24.0,-28.656361474435
2005-06-30,PAK,130.0,-28.742602934051
2017-07-31,LKA,580.0,-28.8118638711
2008-06-30,RUS,59.0,-28.86762858852
2016-07-31,PAK,375.0,-29.016636229
2022-01-31,CRI,2650.0,-29.019000000000002
2005-06-30,SIN,3.6,-29.158150886054
2021-07-31,KOR,4600.0,-29.225
2007-01-31,ROC,75.0,-29.258703844016
2020-07-31,CRI,2350.0,-29.264000000000003
2017-01-31,PAK,375.0,-29.266836614881
2011-07-31,ZAF,19.45,-29.312248794426
2022-01-31,CZE,89.0,-29.343999999999998
2014-01-31,UAE,12.0,-29.347613031185
2018-01-31,THA,119.0,-29.458908332148
2007-06-30,SAU,9.0,-29.627213062878
2017-01-31,AUT,3.4,-29.658300395257
2021-01-31,BRA,21.9,-29.7
2013-07-31,LTU,8.6,-29.71961681991
2016-07-31,UAE,13.0,-29.776889293374
2013-01-31,LTU,7.8,-29.810913196623
2013-07-31,JPN,320.0,-29.846886811277
2015-01-31,EST,2.9,-29.852087682672
2016-07-31,TUR,10.75,-29.907937499006
2016-07-31,CHL,2300.0,-29.91319474917
2017-07-31,PRT,3.25,-29.974764150943
2017-01-31,UAE,13.0,-30.052546679164
2015-01-31,MEX,49.0,-30.065663346808
2006-01-31,SIN,3.6,-30.113303806204
2015-01-31,CHL,2100.0,-30.131658737802
2006-05-31,PAK,130.0,-30.171536306773
2021-07-31,ARG,380.0,-30.184
2015-07-31,GRC,3.05,-30.235229645094
2010-01-31,MEX,32.0,-30.242532544856
2015-01-31,COL,7900.0,-30.262864334383
2019-01-31,CHL,2640.0,-30.3
2021-07-31,CHL,2990.0,-30.302
2012-07-31,PAK,285.0,-30.386464124252
2005-06-30,VEN,5600.0,-30.405710350654
2010-07-31,POL,8.3,-30.457183968398
2006-01-31,JPN,250.0,-30.56727232835
2015-01-31,PER,10.0,-30.595655843291
2017-01-31,GRC,3.35,-30.69273715415
2008-06-30,ROC,75.0,-30.808058093554
2016-01-31,TUR,10.25,-30.917480559842
2021-07-31,THA,128.0,-30.951
2007-01-31,CRI,1130.0,-31.127071345711
2004-05-31,LVA,1.09,-31.135568163152
2022-01-31,SAU,15.0,-31.188
2012-01-31,PAK,260.0,-31.209590115491
2016-07-31,JPN,370.0,-31.213213012229
2003-04-30,AUS,3.0,-31.241548440329
2020-01-31,KOR,4500.0,-31.351000000000003
2010-01-31,ZAF,17.95,-31.357841324568
2015-07-31,PRT,3.0,-31.37891440501
2019-07-31,CRI,2290.0,-31.4
2005-06-30,ZAF,13.95,-31.42770179279
2017-01-31,ARG,55.0,-31.454736135007
2008-06-30,EGY,13.0,-31.454934915143
2020-07-31,BRA,20.9,-31.462
2011-07-31,PHL,118.0,-31.553194334113
2003-04-30,SIN,3.3,-31.589203532485
2019-01-31,CZE,85.0,-31.7
2012-01-31,LTU,7.8,-31.717632163801
2015-07-31,CHL,2100.0,-31.759146833356
2006-05-31,ZAF,13.95,-31.787175989086
2002-04-30,IDN,16000.0,-31.858930951803
2003-04-30,ZAF,13.95,-31.910033386048
2016-01-31,BRA,13.5,-31.963409014213
2007-06-30,PAK,140.0,-31.993177944222
2013-01-31,PAK,290.0,-32.011338999424
2012-07-31,LVA,1.69,-32.011541141466
2003-04-30,IDN,16100.0,-32.025636045834
2021-07-31,CRI,2370.0,-32.096000000000004
2015-01-31,ARG,28.0,-32.107880577762
2013-07-31,LVA,1.69,-32.1158323486
2017-07-31,EST,3.15,-32.129386792453
2010-01-31,PAK,200.0,-32.176260334642
2002-04-30,HUN,459.0,-32.228915662651
2014-07-31,MEX,42.0,-32.270711595229
2016-07-31,EST,3.1,-32.282837301587
2007-01-31,ZAF,15.5,-32.294882432247
2006-05-31,POL,6.5,-32.343571832651
2021-01-31,CRI,2350.0,-32.4
2019-01-31,CRI,2290.0,-32.4
2016-07-31,THA,119.0,-32.472154694377
2015-07-31,EST,2.95,-32.522599164927
2009-07-31,POL,7.6,-32.529861639609
2012-07-31,ISR,11.9,-32.539574981607
2011-07-31,MEX,32.0,-32.548647509481
2000-04-30,NZL,3.4,-32.607876949912
2013-01-31,POL,9.1,-32.612498943599
2010-07-31,IDN,22780.0,-32.673665295314
2019-07-31,THA,119.0,-32.7
2017-07-31,PAK,375.0,-32.71068285199
2013-01-31,SAU,11.0,-32.839224811151
2007-06-30,JPN,280.0,-32.868873850185
2016-07-31,VEN,2170.0,-32.872546238213
2007-06-30,ROC,75.0,-32.884347515721
2010-07-31,MEX,32.0,-32.941413147954
2020-01-31,THA,115.0,-33.012
2008-06-30,UKR,11.0,-33.016684934843
2013-01-31,THA,87.0,-33.052133322588
2009-07-31,MEX,33.0,-33.067127099928
2022-01-31,CHL,3100.0,-33.188
2019-01-31,COL,11900.0,-33.2
2015-07-31,SAU,12.0,-33.203951242336
2019-07-31,CHL,2640.0,-33.3
2016-07-31,PRT,3.05,-33.375049603175
2019-01-31,THA,119.0,-33.4
2020-07-31,CZE,89.0,-33.428000000000004
2013-01-31,PHL,118.0,-33.452243584057
2004-05-31,SIN,3.3,-33.454325468845
2013-01-31,MEX,37.0,-33.493470371695
2011-07-31,RUS,75.0,-33.51883793588
2002-04-30,CZE,56.28,-33.522324592488
2010-01-31,EGY,13.0,-33.553798422669
2016-07-31,ARG,50.0,-33.574590420925
2015-07-31,HUN,900.0,-33.57858393234
2019-07-31,KOR,4500.0,-33.6
2016-01-31,SIN,4.7,-33.668682832926
2020-01-31,CZE,85.0,-33.757999999999996
2006-01-31,POL,6.5,-33.758400581295
2021-01-31,ARG,320.0,-33.800000000000004
2022-01-31,THA,128.0,-33.831
2015-01-31,HUN,860.0,-33.844862574204
2015-07-31,THA,108.0,-33.855598503483
2017-01-31,THA,119.0,-33.888661172055
2018-07-31,LKA,580.0,-33.9
2021-01-31,JPN,390.0,-33.900000000000006
2021-01-31,COL,12950.0,-33.900000000000006
2021-07-31,SAU,14.0,-33.936
2022-01-31,CHN,24.4,-34.022999999999996
2017-07-31,THA,119.0,-34.033081578073
2021-01-31,SAU,14.0,-34.1
2013-07-31,PAK,300.0,-34.185434512697
2010-01-31,ROC,75.0,-34.208304403263
2010-07-31,PAK,210.0,-34.229757380883
2022-01-31,KOR,4600.0,-34.323
2004-05-31,PAK,110.0,-34.329926449518
2000-04-30,BRA,2.95,-34.340848894923
2014-01-31,PAK,320.0,-34.353120565016
2020-07-31,KOR,4500.0,-34.378
2014-01-31,ARG,21.0,-34.385280066635
2011-07-31,SAU,10.0,-34.402842508506
2015-01-31,JPN,370.0,-34.408135802105
2015-07-31,PER,10.0,-34.421778789577
2010-07-31,ZAF,18.45,-34.426268351167
2013-01-31,IDN,27939.0,-34.505492254143
2016-01-31,EST,3.0,-34.584178498986
2016-01-31,PRT,3.0,-34.584178498986
2021-01-31,LKA,700.0,-34.599999999999994
2020-07-31,SAU,14.0,-34.636
2010-01-31,RUS,70.0,-34.664107241961
2017-01-31,COL,9900.0,-34.665551141447
2007-06-30,ZAF,15.5,-34.794799233187
2009-07-31,EGY,13.0,-34.796426292438
2018-07-31,THA,119.0,-34.9
2011-07-31,IDN,22534.0,-34.959293274735
2019-07-31,CZE,85.0,-35.0
2018-01-31,JPN,380.0,-35.001402601312
2015-07-31,MEX,49.0,-35.007575762349
2014-07-31,THA,99.0,-35.033018320033
2018-01-31,LTU,2.8,-35.077651515152
2018-01-31,HUN,864.0,-35.101543460162
2014-01-31,POL,9.2,-35.160094308233
2016-01-31,SAU,12.0,-35.165621311363
2002-04-30,AUS,3.0,-35.224770047934
2001-04-30,BRA,3.6,-35.282062344947
2012-07-31,PHL,118.0,-35.38512927081
2014-01-31,PHL,135.0,-35.453350761991
2002-04-30,NZL,3.6,-35.456110154905
2019-01-31,JPN,390.0,-35.5
2009-07-31,PAK,190.0,-35.56744731791
2012-01-31,MEX,37.0,-35.580962720689
2017-01-31,JPN,380.0,-35.628668213047
2014-01-31,JPN,310.0,-35.690818604968
2018-01-31,PAK,375.0,-35.728946859665
2004-05-31,ZAF,12.4,-35.79786683235
2019-07-31,COL,11900.0,-35.8
2005-06-30,POL,6.5,-35.81753062195
2017-01-31,EST,3.1,-35.864920948617
2020-07-31,LKA,680.0,-35.922
2017-01-31,PER,11.0,-35.927582791174
2015-07-31,ARG,28.0,-36.009726521569
2011-07-31,ROC,75.0,-36.012400284924
2007-06-30,CRI,1130.0,-36.104449434517
2012-01-31,PHL,118.0,-36.112153654585
2020-01-31,COL,11900.0,-36.162
2021-07-31,PAK,580.0,-36.279
2020-07-31,JPN,390.0,-36.331
2018-07-31,JPN,390.0,-36.4
2012-01-31,SAU,10.0,-36.469271278865
2019-07-31,LKA,640.0,-36.5
2016-07-31,SAU,12.0,-36.516400987805
2014-01-31,SAU,11.0,-36.571912535973
2017-07-31,JPN,380.0,-36.584014498897
2014-07-31,PAK,300.0,-36.597920496328
2015-01-31,THA,99.0,-36.610769958243
2013-01-31,LKA,350.0,-36.623732923809
2009-07-31,ROC,75.0,-36.674945784255
2012-07-31,LTU,7.8,-36.713669241964
2016-01-31,JPN,370.0,-36.743470066882
2017-01-31,SAU,12.0,-36.769853172749
2014-01-31,THA,96.0,-36.850198062611
2017-01-31,PRT,3.05,-36.89935770751
2020-01-31,PER,11.9,-36.929
2011-07-31,LKA,280.0,-37.080896271397
2005-06-30,LVA,1.09,-37.187594722836
2021-07-31,JPN,390.0,-37.211
2008-06-30,ZAF,16.95,-37.224088061827
2013-07-31,MEX,37.0,-37.254643220702
2016-01-31,THA,112.0,-37.277601495481
2010-01-31,IDN,20900.0,-37.360634905412
2018-01-31,LVA,2.7,-37.396306818182
2010-07-31,ROC,75.0,-37.427276590348
2012-01-31,HUN,645.0,-37.45350346691
2016-07-31,HUN,900.0,-37.483680114694
2020-01-31,JPN,390.0,-37.492999999999995
2019-07-31,JPN,390.0,-37.5
2010-07-31,RUS,71.0,-37.53013511088
2014-07-31,POL,9.2,-37.53124710785
2012-07-31,MEX,37.0,-37.532175677925
2013-07-31,THA,89.0,-37.548132671624
2016-01-31,HUN,900.0,-37.625948651582
2015-07-31,JPN,370.0,-37.673571733044
2015-01-31,PAK,300.0,-37.826495094044
2021-07-31,LKA,700.0,-37.897999999999996
2021-01-31,POL,13.08,-37.9
2013-07-31,LKA,370.0,-37.920713005778
2017-07-31,CZE,75.0,-38.086797851661
2018-01-31,PER,10.5,-38.087286312691
2002-04-30,BRA,3.6,-38.214396045721
2010-01-31,PHL,101.52,-38.24577112491
2018-07-31,CZE,75.0,-38.3
2012-01-31,EST,2.04,-38.339043462101
2012-07-31,SAU,10.0,-38.382694379204
2012-01-31,POL,9.1,-38.414073668565
2013-07-31,IDN,27939.0,-38.470087882571
2020-07-31,ARG,250.0,-38.542
2000-04-30,AUS,2.59,-38.579017264276
2017-07-31,COL,9900.0,-38.799914542426
2021-07-31,CHN,22.4,-38.815
2012-01-31,EGY,15.5,-38.828548083899
2014-07-31,SAU,11.0,-38.830874220943
2015-01-31,SAU,11.0,-38.873780524975
2020-01-31,SAU,13.0,-38.889
2010-07-31,EGY,13.0,-38.89905497205
2021-01-31,CHN,22.4,-38.9
2012-07-31,EGY,16.0,-39.054070609573
2015-01-31,CZE,70.45,-39.0561800591
2017-07-31,PER,10.5,-39.070211426366
2020-07-31,CHL,2740.0,-39.080999999999996
2015-07-31,COL,7900.0,-39.116641032717
2004-05-31,IDN,16100.0,-39.125831820932
2021-07-31,POL,13.43,-39.158
2012-07-31,POL,9.1,-39.230692453655
2012-01-31,RUS,81.0,-39.254286223335
2009-07-31,ZAF,17.95,-39.278893732482
2012-01-31,LKA,290.0,-39.354557828052
2016-07-31,CZE,75.0,-39.376603306972
2018-01-31,SAU,12.0,-39.39878749094
2021-01-31,PAK,550.0,-39.4
2017-07-31,HUN,862.0,-39.453820217054
2016-01-31,CZE,75.0,-39.497054014755
2019-07-31,SAU,13.0,-39.6
2017-07-31,SAU,12.0,-39.625056507174
2017-01-31,HUN,900.0,-39.628231940219
2016-07-31,COL,8900.0,-39.710719840457
2020-01-31,CHL,2640.0,-39.745999999999995
2018-01-31,CHN,20.4,-39.931026684758
2016-07-31,PER,10.0,-39.981336596428
2014-01-31,MEX,37.0,-39.986561653017
2013-07-31,POL,9.2,-40.008327105031
2012-07-31,THA,82.0,-40.225285068896
2003-04-30,POL,6.3,-40.238476934898
2021-07-31,COL,12950.0,-40.344
2001-04-30,AUS,3.0,-40.348365545216
2012-01-31,ROC,75.0,-40.39603591204
2005-06-30,URY,44.0,-40.397575264994
2020-07-31,PER,11.9,-40.409
2011-07-31,MYS,7.2,-40.423218561146
2016-01-31,CHL,2100.0,-40.442595744802
2006-05-31,LKA,190.0,-40.468823679622
2007-06-30,RUS,52.0,-40.544610793446
2019-01-31,PAK,460.0,-40.6
2016-01-31,PER,10.0,-40.655425221682
2014-01-31,CHN,16.6,-40.676614835033
2015-07-31,LTU,2.59,-40.757129436326
2020-01-31,PAK,520.0,-40.784
2022-01-31,POL,14.08,-40.806
2015-07-31,CZE,70.0,-40.840293067892
2013-01-31,MYS,7.95,-40.956642115115
2010-01-31,THA,70.0,-40.989670663352
2012-07-31,IDN,24200.0,-41.026698974044
2014-07-31,VNM,60000.0,-41.05965892207
2013-01-31,CHN,16.0,-41.104906644245
2010-07-31,PHL,102.0,-41.206308217283
2010-07-31,MYS,7.05,-41.235635377537
2002-04-30,POL,5.9,-41.349556642411
2012-01-31,IDN,22534.0,-41.388736637053
2015-01-31,VNM,60000.0,-41.412085905506
2004-05-31,BRA,5.4,-41.444372153546
2012-01-31,THA,78.0,-41.468569353386
2013-07-31,SAU,10.0,-41.48080939219
2012-01-31,ZAF,19.95,-41.538594287397
2011-07-31,PAK,205.13,-41.557143291625
2022-01-31,JPN,390.0,-41.744
2013-01-31,ROC,75.0,-41.791387229551
2013-07-31,PHL,115.21,-41.795964062127
2018-07-31,PER,10.5,-41.8
2011-07-31,EGY,14.09,-41.86221634105
2010-01-31,MYS,7.05,-41.866457770723
2018-07-31,SAU,12.0,-41.9
2021-01-31,PER,11.9,-41.9
2012-01-31,CHN,15.4,-41.903328979653
2010-07-31,THA,70.0,-41.959449001703
2016-01-31,PAK,300.0,-41.982240570446
2013-07-31,RUS,87.0,-42.035392287797
2011-07-31,THA,70.0,-42.117068229506
2014-01-31,LKA,350.0,-42.133552454281
2022-01-31,PER,12.9,-42.14
2020-07-31,PAK,550.0,-42.149
2015-01-31,CHN,17.2,-42.190868610768
2021-07-31,PER,12.9,-42.214
2013-07-31,ROC,79.0,-42.264066401001
2000-04-30,THA,55.0,-42.335919479975
2001-04-30,POL,5.9,-42.361423184385
2020-07-31,COL,11900.0,-42.382
2009-07-31,PHL,99.39,-42.460811957314
2022-01-31,PAK,590.0,-42.472
2022-01-31,MEX,69.0,-42.486000000000004
2015-07-31,VNM,60000.0,-42.567189209524
2017-01-31,CZE,75.0,-42.576019110088
2012-07-31,ROC,75.0,-42.603955787024
2009-07-31,IDN,20900.0,-42.604492777503
2001-04-30,NZL,3.6,-42.618508718799
2007-01-31,RUS,49.0,-42.648382971158
2007-01-31,LKA,190.0,-42.687376834419
2019-01-31,SAU,12.0,-42.7
2013-07-31,CHN,16.0,-42.757067901101
2008-06-30,IDN,18700.0,-42.765567765568
2009-07-31,RUS,67.0,-42.774837699831
2005-06-30,LKA,175.0,-42.778985958617
2006-05-31,RUS,48.0,-42.787415019198
2015-07-31,CHN,17.0,-42.84190325972
2012-07-31,EST,2.04,-42.849358752166
2006-05-31,URY,42.28,-42.993898944956
2016-01-31,MEX,49.0,-42.998849710971
2019-01-31,LKA,580.0,-43.0
2014-07-31,CHN,16.9,-43.137558808255
2017-07-31,TUR,10.75,-43.28094163134
2014-01-31,RUS,89.0,-43.290699944399
2014-01-31,ROC,79.0,-43.356787546887
2012-07-31,CHN,15.65,-43.391927661756
2022-01-31,COL,12950.0,-43.457
2001-04-30,CZE,56.0,-43.468604885928
2016-01-31,PHL,131.0,-43.490864769865
2020-01-31,LKA,580.0,-43.625
2021-07-31,MEX,64.0,-43.742999999999995
2002-04-30,HKG,11.2,-43.775100401606
2018-07-31,CHN,20.5,-43.8
2019-01-31,PER,10.5,-43.8
2018-01-31,POL,10.1,-43.833846058026
2004-05-31,POL,6.3,-43.865276663994
2015-07-31,LVA,2.45,-43.959446764092
2014-07-31,LKA,350.0,-43.961689969731
2016-07-31,PHL,133.0,-43.990472484583
2018-07-31,PAK,375.0,-44.0
2017-01-31,CHN,19.6,-44.077645792145
2011-07-31,CHN,14.65,-44.081675106898
2018-07-31,HUN,850.0,-44.2
2012-01-31,MYS,7.35,-44.222608318151
2004-05-31,EGY,10.0,-44.29279705866
2019-07-31,PER,10.5,-44.3
2013-01-31,RUS,72.88,-44.459012104354
2015-01-31,LKA,350.0,-44.592308225074
2000-04-30,CZE,54.37,-44.600116159403
2007-01-31,UKR,9.0,-44.652850378206
2012-07-31,CRI,1200.0,-44.653082146189
2008-06-30,PAK,140.0,-44.688735861058
2007-06-30,LKA,210.0,-44.718511927639
2016-07-31,CHN,18.6,-44.73680457508
2000-04-30,RUS,39.5,-44.782274411127
2020-01-31,CHN,21.5,-44.925
2017-07-31,CHN,19.8,-44.959866569373
2014-07-31,ROC,79.0,-45.048711534881
2013-01-31,EGY,16.0,-45.204197179054
2008-06-30,PHL,87.0,-45.218055751018
2019-01-31,CHN,20.9,-45.3
2008-06-30,LKA,210.0,-45.305876883529
2003-04-30,BRA,4.55,-45.310528023847
2015-07-31,LKA,350.0,-45.409866620707
2007-01-31,THA,62.0,-45.45422553798
2012-07-31,ZAF,19.95,-45.561069009511
2016-01-31,CHN,17.6,-45.564640968187
2003-04-30,HKG,11.5,-45.595609802252
2019-01-31,HUN,850.0,-45.6
2007-01-31,IDN,15900.0,-45.677797593424
2017-01-31,TUR,10.75,-45.680786243081
2007-06-30,PHL,85.0,-45.690536048785
2006-05-31,UKR,8.5,-45.704247844139
2020-07-31,CHN,21.7,-45.736
2018-01-31,VNM,65000.0,-45.795715559932
2016-01-31,VNM,60000.0,-45.8311543539
2001-04-30,HKG,10.7,-45.992327882092
2019-07-31,HUN,900.0,-46.0
2007-06-30,UKR,9.25,-46.044555531089
2012-07-31,MYS,7.4,-46.116457444699
2007-01-31,PHL,85.0,-46.182435213149
2014-07-31,ARG,21.0,-46.38638661
2005-06-30,ARG,4.75,-46.417411746657
2018-01-31,TUR,10.75,-46.458085297301
2021-01-31,HUN,900.0,-46.5
2013-01-31,UKR,19.0,-46.581304215583
2016-07-31,VNM,60000.0,-46.615417467435
2018-01-31,IND,180.0,-46.617222351725
2000-04-30,ZAF,9.0,-46.642003414912
2001-04-30,IDN,14700.0,-46.684462691818
2010-01-31,HKG,14.8,-46.702100646673
2014-07-31,RUS,89.0,-46.720820263503
2002-04-30,MYS,5.04,-46.734305643627
2022-01-31,HUN,982.0,-46.768
2015-07-31,ROC,79.0,-46.832066052072
2020-01-31,HUN,900.0,-46.869
2004-05-31,HKG,12.0,-46.881501482891
2015-07-31,POL,9.6,-46.889565260111
2006-05-31,EGY,9.5,-46.89570456124
2019-07-31,CHN,21.0,-46.9
2019-07-31,PAK,480.0,-46.9
2021-07-31,VNM,69000.0,-46.967999999999996
2017-01-31,PHL,133.0,-47.022906418952
2013-01-31,ZAF,20.9,-47.104449616987
2012-07-31,RUS,75.0,-47.105477509467
2015-01-31,VEN,132.0,-47.108828101964
2009-07-31,THA,64.49,-47.12593071767
2007-06-30,THA,62.0,-47.230247622063
2009-07-31,MYS,6.77,-47.352622337108
2014-01-31,EGY,16.93,-47.404105498417
2017-01-31,VNM,60000.0,-47.467182749063
2003-04-30,ARG,4.1,-47.468224682247
2013-07-31,EGY,16.75,-47.55522853211
2022-01-31,VNM,69000.0,-47.567
2015-01-31,ROC,79.0,-47.630606450172
2021-01-31,PHL,142.0,-47.8
2010-07-31,CHN,13.2,-47.826966817951
2000-04-30,HKG,10.2,-47.833825161485
2021-07-31,HUN,900.0,-47.882999999999996
2006-05-31,PHL,85.0,-47.896712895564
2008-06-30,THA,62.0,-47.940807018251
2017-07-31,IND,178.0,-47.976756131546
2017-07-31,MEX,49.0,-48.033202541388
2001-04-30,HUN,399.0,-48.156232946129
2015-01-31,POL,9.2,-48.182483719443
2007-06-30,IDN,15900.0,-48.277797024509
2015-07-31,HKG,19.2,-48.28468376569
2010-01-31,ARG,7.0,-48.524226337506
2016-07-31,EGY,23.0,-48.609034245778
2017-07-31,POL,10.1,-48.615100648264
2009-07-31,CHN,12.5,-48.755242287469
2008-06-30,CHN,12.5,-48.764990339127
2010-01-31,LKA,210.0,-48.786758304227
2009-07-31,LKA,210.0,-48.786758304227
2018-07-31,VNM,65000.0,-48.8
2010-01-31,UKR,14.0,-48.804587108995
2009-07-31,UKR,14.0,-48.804587108995
2007-01-31,VEN,6800.0,-48.808268382494
2002-04-30,PHL,65.0,-48.814867312387
2006-01-31,EGY,9.25,-48.841325147945
2012-07-31,LKA,290.0,-48.844818994448
2010-01-31,CHN,12.5,-48.85721654951
2013-07-31,UKR,19.0,-48.869224969579
2020-01-31,POL,11.0,-48.901
2002-04-30,THA,55.0,-48.987636458072
2010-07-31,HKG,14.8,-49.007155536445
2003-04-30,THA,59.0,-49.013541657665
2004-05-31,VEN,4400.0,-49.034552256959
2004-05-31,ARG,4.36,-49.035651665693
2000-04-30,POL,5.5,-49.041045121838
2006-01-31,RUS,46.0,-49.064615963814
2002-04-30,CHN,10.5,-49.071648914499
2011-07-31,UKR,16.5,-49.223910552841
2005-06-30,EGY,9.0,-49.290060851927
2018-01-31,IDN,35750.0,-49.316316091524
2014-07-31,IDN,27939.0,-49.355111052501
2015-01-31,HKG,18.8,-49.365679219754
2020-07-31,HUN,900.0,-49.38
2012-01-31,HKG,16.5,-49.38848524883
2021-01-31,VNM,66000.0,-49.4
2014-07-31,HKG,18.8,-49.412604660831
2006-05-31,IDN,14600.0,-49.494075931852
2005-06-30,HKG,12.0,-49.598768395505
2012-01-31,UKR,17.0,-49.62626751508
2013-07-31,MYS,7.3,-49.629043203676
2006-05-31,THA,60.0,-49.655771336513
2020-07-31,PHL,142.0,-49.685
2016-01-31,HKG,19.2,-49.763319166807
2014-07-31,MYS,7.63,-49.763508258487
2020-01-31,VNM,66000.0,-49.775000000000006
2020-01-31,ARG,171.0,-49.79
2002-04-30,RUS,39.0,-49.799196787149
2019-01-31,VNM,65000.0,-49.8
2019-01-31,POL,10.5,-49.8
2014-01-31,HKG,18.0,-49.82381381379
2013-01-31,HKG,17.0,-49.83335971575
2018-01-31,PHL,134.0,-49.967889839748
2019-07-31,ARG,120.0,-50.0
2017-07-31,PHL,134.0,-50.010343009254
2005-06-30,IDN,14600.0,-50.013181455575
2004-05-31,RUS,42.0,-50.059453032105
2006-05-31,HKG,12.0,-50.073288252286
2021-07-31,PHL,142.0,-50.083999999999996
2010-07-31,LKA,210.0,-50.121924185325
2003-04-30,EGY,8.0,-50.1346364815
2020-07-31,VNM,66000.0,-50.135
2004-05-31,THA,59.0,-50.135226504395
2017-07-31,VNM,60000.0,-50.200133214644
2014-01-31,IDN,27939.0,-50.231025493113
2018-07-31,POL,10.1,-50.3
2018-01-31,HKG,20.5,-50.344343808981
2007-01-31,EGY,9.09,-50.474011114743
2020-01-31,PHL,142.0,-50.486
2006-01-31,PHL,82.0,-50.491163880285
2019-07-31,POL,10.8,-50.6
2014-07-31,EGY,16.93,-50.619069662543
2016-01-31,LKA,350.0,-50.715782848107
2016-01-31,COL,7900.0,-50.753431971508
2006-01-31,ARG,4.75,-50.78214935908
2017-01-31,IND,170.0,-50.82969822595
2010-07-31,UKR,14.5,-50.830123162064
2007-06-30,EGY,9.54,-50.834252292179
2006-01-31,HKG,12.0,-50.852464011717
2012-07-31,HKG,16.5,-50.853941253102
2013-07-31,ZAF,22.5,-50.854014343311
2016-07-31,HKG,19.2,-50.879080259899
2018-07-31,ARG,75.0,-50.9
2014-01-31,UKR,19.0,-50.962543965144
2006-01-31,IDN,14600.0,-51.005067284137
2003-04-30,MYS,5.04,-51.058457953001
2017-01-31,HKG,19.2,-51.076703651235
2006-05-31,MYS,5.5,-51.117411533625
2020-07-31,POL,11.0,-51.148
2007-01-31,MYS,5.5,-51.22574145741
2004-05-31,LKA,140.0,-51.236502960641
2018-01-31,MEX,48.0,-51.290438069445
2019-07-31,VNM,65000.0,-51.3
2003-04-30,RUS,41.0,-51.353211281309
2014-07-31,ZAF,24.5,-51.405306471112
2022-01-31,HKG,22.0,-51.439
2016-01-31,ARG,33.0,-51.527331552795
2000-04-30,HUN,339.0,-51.591483528253
2005-06-30,THA,60.0,-51.621408494313
2005-06-30,RUS,42.0,-51.680166882898
2019-07-31,PHL,142.0,-51.8
2014-01-31,MYS,7.4,-51.849305243223
2016-01-31,POL,9.6,-51.892144593572
2013-07-31,HKG,17.0,-51.901950371668
2015-01-31,EGY,16.93,-51.912616048981
2009-07-31,HKG,13.3,-51.932259904801
2016-07-31,POL,9.6,-51.968481717703
2021-07-31,EGY,42.5,-51.99700000000001
2021-01-31,EGY,42.5,-52.0
2022-01-31,PHL,142.0,-52.054
2005-06-30,PHL,80.0,-52.073710633046
2006-01-31,THA,60.0,-52.087488246462
2019-01-31,PHL,140.0,-52.1
2016-07-31,IND,162.0,-52.168367346939
2021-07-31,HKG,21.0,-52.181999999999995
2007-01-31,HKG,12.0,-52.212195057554
2008-06-30,HKG,13.3,-52.221378971472
2015-07-31,IDN,30500.0,-52.2842208377
2001-04-30,RUS,35.0,-52.3199738441
2011-07-31,HKG,15.1,-52.326328366084
2000-04-30,CHN,9.9,-52.364455222588
2001-04-30,THA,55.0,-52.40979492948
2008-06-30,MYS,5.5,-52.420745938894
2018-07-31,PHL,140.0,-52.5
2021-01-31,MEX,54.0,-52.6
2000-04-30,MYS,4.52,-52.610610190816
2016-07-31,MEX,44.0,-52.899062691348
2001-04-30,CHN,9.9,-52.927079767203
2001-04-30,ZAF,9.7,-53.027089326011
2007-06-30,MYS,5.5,-53.03819403679
2016-07-31,IDN,31000.0,-53.092136123595
2004-05-31,UKR,7.25,-53.108881177905
2020-01-31,MEX,50.0,-53.144999999999996
2001-04-30,MYS,4.52,-53.170327393286
2005-06-30,UKR,7.25,-53.176263917952
2020-01-31,IND,188.0,-53.22
2015-01-31,IDN,27939.0,-53.263007868958
2014-01-31,ZAF,23.5,-53.280379896648
2018-07-31,MEX,49.0,-53.3
2021-01-31,HKG,20.5,-53.300000000000004
2020-01-31,EGY,42.0,-53.354
2006-01-31,MYS,5.5,-53.424249198897
2022-01-31,EGY,42.5,-53.437
2011-07-31,IND,84.0,-53.4589940494
2019-07-31,IND,183.0,-53.5
2020-01-31,HKG,20.5,-53.5
2022-01-31,ROC,75.0,-53.589
2015-01-31,ZAF,25.5,-53.622207869356
2017-07-31,HKG,19.2,-53.624252583576
2018-01-31,ZAF,30.0,-53.648648598539
2020-07-31,HKG,20.5,-53.681
2018-07-31,HKG,20.0,-53.8
2001-04-30,PHL,59.0,-53.820384777946
2020-07-31,EGY,42.0,-53.884
2019-07-31,MEX,50.0,-53.9
2017-01-31,LKA,350.0,-53.905130964742
2017-01-31,IDN,31000.0,-54.036445243914
2019-01-31,IND,178.0,-54.2
2019-01-31,HKG,20.0,-54.2
2004-05-31,MYS,5.04,-54.26497277677
2019-07-31,HKG,20.5,-54.3
2021-01-31,IND,190.0,-54.300000000000004
2003-04-30,PHL,65.0,-54.313828852574
2018-07-31,IND,173.0,-54.4
2019-01-31,MEX,49.0,-54.5
2021-01-31,ROC,72.0,-54.50000000000001
2017-01-31,POL,9.6,-54.526246621501
2021-07-31,ROC,72.0,-54.565
2017-07-31,IDN,32126.0,-54.661659493906
2005-06-30,MYS,5.25,-54.85036119711
2015-07-31,EGY,16.93,-54.860482830993
2021-07-31,IND,190.0,-54.931
2007-06-30,HKG,12.0,-54.973590040653
2022-01-31,ZAF,39.9,-55.608000000000004
2016-01-31,IDN,30500.0,-55.643573571859
2020-07-31,IND,190.0,-55.75
2018-01-31,ROC,69.0,-55.780523743167
2003-04-30,CHN,9.9,-55.879993582545
2017-01-31,MEX,49.0,-55.883490278567
2015-01-31,MYS,7.63,-55.942417952858
2019-07-31,EGY,42.0,-56.0
2007-01-31,CHN,11.0,-56.058435250467
2016-01-31,EGY,16.93,-56.142335245528
2022-01-31,IND,190.0,-56.176
2015-07-31,ZAF,26.0,-56.277312123211
2021-01-31,MYS,9.99,-56.39999999999999
2018-01-31,RUS,130.0,-56.610781353049
2004-05-31,CHN,10.4,-56.688322505414
2018-01-31,MYS,9.0,-56.890605600773
2017-07-31,RUS,137.0,-57.016313438548
2012-07-31,UKR,15.0,-57.130610276843
2020-07-31,ROC,72.0,-57.193000000000005
2016-07-31,ROC,69.0,-57.25599865598
2017-01-31,ROC,69.0,-57.259477710818
2017-07-31,ROC,69.0,-57.283675089727
2017-07-31,ZAF,30.0,-57.34455645448
2019-07-31,TUR,13.99,-57.4
2020-01-31,IDN,33000.0,-57.424
2004-05-31,PHL,69.0,-57.436308679292
2017-01-31,RUS,130.0,-57.490466010766
2021-01-31,IDN,34000.0,-57.49999999999999
2020-01-31,ROC,72.0,-57.508
2007-06-30,CHN,11.0,-57.581410816825
2021-07-31,UKR,65.0,-57.735
2006-05-31,CHN,10.5,-57.798445375112
2016-01-31,ROC,69.0,-57.883504491617
2018-07-31,ZAF,31.0,-57.9
2019-01-31,IDN,33000.0,-58.0
2015-07-31,MYS,7.65,-58.043419302276
2020-01-31,UKR,57.0,-58.095
2022-01-31,UKR,69.0,-58.135000000000005
2021-07-31,MYS,9.99,-58.146
2016-07-31,ZAF,30.0,-58.298408250243
2018-07-31,TUR,10.75,-58.5
2005-06-30,CHN,10.5,-58.540276581369
2021-07-31,IDN,34000.0,-58.54899999999999
2021-07-31,TUR,19.99,-58.653999999999996
2006-01-31,CHN,10.5,-58.664533756609
2020-07-31,IDN,34000.0,-58.75
2018-07-31,ROC,69.0,-58.8
2020-01-31,MYS,9.5,-58.879000000000005
2022-01-31,MYS,9.99,-58.919
2020-07-31,MYS,9.99,-58.983
2022-01-31,IDN,34000.0,-59.309999999999995
2016-07-31,RUS,130.0,-59.320852495246
2021-07-31,ZAF,33.5,-59.562000000000005
2019-07-31,ROC,72.0,-59.8
2021-07-31,RUS,169.0,-59.866
2019-01-31,ROC,69.0,-59.9
2019-01-31,ZAF,31.0,-59.9
2019-01-31,EGY,40.0,-60.0
2018-07-31,IDN,31500.0,-60.2
2019-07-31,IDN,32000.0,-60.5
2016-07-31,MYS,8.0,-60.583521547018
2019-01-31,MYS,9.05,-60.6
2015-01-31,IND,116.25,-60.6113591419
2015-07-31,RUS,107.0,-60.682558139749
2020-07-31,MEX,50.0,-60.971
2020-01-31,TUR,12.99,-61.039
2021-01-31,UKR,62.0,-61.1
2020-01-31,RUS,135.0,-61.243
2019-07-31,UKR,57.0,-61.3
2016-01-31,IND,127.0,-61.437597264741
2012-01-31,IND,84.0,-61.44254529737
2015-07-31,IND,116.25,-61.738434392688
2013-01-31,IND,89.0,-61.834859952708
2021-01-31,ZAF,33.5,-61.9
2018-07-31,MYS,8.45,-61.9
2019-07-31,ZAF,31.0,-61.9
2020-07-31,UKR,59.0,-61.914
2018-07-31,RUS,130.0,-62.0
2020-01-31,ZAF,31.0,-62.007999999999996
2017-07-31,MYS,8.6,-62.207022023199
2017-01-31,ZAF,26.32,-62.719361923182
2019-07-31,MYS,8.85,-62.8
2016-01-31,MYS,8.0,-63.057073358262
2012-07-31,IND,89.0,-63.382628441216
2018-01-31,EGY,34.21,-63.394538606403
2014-07-31,IND,105.0,-63.557554086284
2016-01-31,ZAF,28.0,-64.084969190836
2019-01-31,ARG,75.0,-64.1
2019-01-31,TUR,10.75,-64.2
2002-04-30,ZAF,9.7,-64.260712575071
2020-07-31,TUR,13.99,-64.282
2021-01-31,TUR,14.99,-64.5
2019-07-31,RUS,130.0,-64.5
2017-01-31,MYS,8.0,-64.642118573539
2019-01-31,UKR,54.0,-65.2
2018-07-31,UKR,50.0,-65.4
2004-05-31,URY,29.8,-65.441862892331
2014-07-31,UKR,19.0,-66.089337639987
2020-07-31,RUS,135.0,-66.50500000000001
2014-01-31,IND,95.0,-66.781078169936
2017-07-31,EGY,31.37,-66.90596631519
2013-07-31,IND,90.0,-67.070223115093
2020-07-31,ZAF,31.0,-67.437
2015-07-31,UKR,34.0,-67.662318516652
2002-04-30,ARG,2.5,-67.922809448657
2022-01-31,TUR,24.99,-67.93900000000001
2017-07-31,UKR,44.0,-67.964936166495
2021-01-31,RUS,135.0,-68.0
2018-07-31,EGY,31.37,-68.2
2016-01-31,UKR,36.0,-68.727061082131
2016-07-31,UKR,39.0,-68.798003072197
2018-01-31,UKR,47.0,-69.000469609907
2016-01-31,RUS,114.0,-69.025876027699
2017-01-31,UKR,42.0,-69.523057621013
2022-01-31,RUS,135.0,-69.986
2019-01-31,RUS,110.17,-70.4
2017-01-31,EGY,27.49,-71.055906637663
2015-01-31,RUS,89.0,-71.514287361245
2015-01-31,UKR,19.0,-74.929862993021
2004-05-31,SAU,2.4,-77.932211431482
2015-07-31,VEN,132.0,-86.011466358636
2016-01-31,VEN,132.0,-86.52489354722
